Activity,Last Touch Point,Cadence,Time to Next Touch Point,Time Since,Variance
Running,"Friday, July 10, 2026",Weekly,7,81,-74
Spritz,"Thursday, August 20, 2026",Monthly,30,40,-10
Tennis,"Saturday, September 19, 2026",Weekly,7,10,-3
Piano,"Tuesday, September 22, 2026",Weekly,7,7,0
Scrabble,"Sunday, September 6, 2026",Monthly,30,23,7
Ping pong,"Wednesday, September 9, 2026",Monthly,30,20,10
Basketball,"Wednesday, September 9, 2026",Monthly,30,20,10
Friz,"Saturday, July 18, 2026",Quarterly,90,73,17
Pool,"Tuesday, September 22, 2026",Monthly,30,7,23
Dutch,"Tuesday, September 22, 2026",Monthly,30,7,23
Chess,"Tuesday, September 29, 2026",Monthly,30,0,30
Yoga,"Tuesday, September 29, 2026",Monthly,30,0,30
Hebrew,"Tuesday, September 29, 2026",Monthly,30,0,30
Guitar,"Tuesday, September 29, 2026",Monthly,30,0,30
Harmonica,"Tuesday, September 22, 2026",Quarterly,90,7,83