Datetime,Temp (°C),Feels Like (°C),Min Temp (°C),Max Temp (°C),Humidity (%),Weather,Wind Speed (m/s),Clouds (%)
2026-10-03 12:00,16.86,16.51,16.17,16.86,73,scattered clouds,3.21,28
2026-10-03 15:00,19.89,19.61,19.89,21.24,64,few clouds,3.32,13
2026-10-03 18:00,23.5,23.16,23.5,23.5,48,clear sky,3.04,1
2026-10-03 21:00,23.65,23.27,23.65,23.65,46,clear sky,2.48,1
2026-10-04 00:00,17.9,17.78,17.9,17.9,78,clear sky,1.03,0
2026-10-04 03:00,16.06,15.94,16.06,16.06,85,clear sky,0.96,0
2026-10-04 06:00,15.32,15.15,15.32,15.32,86,clear sky,1.78,1
2026-10-04 09:00,14.18,13.79,14.18,14.18,82,scattered clouds,2.11,27
2026-10-04 12:00,15.23,15.11,15.23,15.23,88,overcast clouds,2.36,96
2026-10-04 15:00,19.2,18.85,19.2,19.2,64,overcast clouds,2.64,98
2026-10-04 18:00,20.25,19.87,20.25,20.25,59,broken clouds,2.2,82
2026-10-04 21:00,21.44,21.34,21.44,21.44,65,overcast clouds,1.1,100
2026-10-05 00:00,17.74,17.58,17.74,17.74,77,scattered clouds,1.65,38
2026-10-05 03:00,15.48,15.36,15.48,15.48,87,overcast clouds,1.0,98
2026-10-05 06:00,15.29,15.28,15.29,15.29,92,light rain,0.94,79
2026-10-05 09:00,14.32,14.31,14.32,14.32,96,few clouds,0.73,18
2026-10-05 12:00,15.51,15.52,15.51,15.51,92,clear sky,2.5,2
2026-10-05 15:00,19.58,19.32,19.58,19.58,66,overcast clouds,3.93,100
2026-10-05 18:00,20.6,19.81,20.6,20.6,42,clear sky,4.81,0
2026-10-05 21:00,18.52,17.45,18.52,18.52,39,clear sky,4.16,0
2026-10-06 00:00,14.86,13.79,14.86,14.86,53,clear sky,2.33,1
2026-10-06 03:00,12.86,11.69,12.86,12.86,57,clear sky,3.36,0
2026-10-06 06:00,11.03,9.73,11.03,11.03,59,clear sky,3.29,0
2026-10-06 09:00,9.6,8.59,9.6,9.6,70,clear sky,2.17,0
2026-10-06 12:00,9.76,9.05,9.76,9.76,76,clear sky,1.84,0
2026-10-06 15:00,14.03,12.79,14.03,14.03,50,clear sky,1.78,0
2026-10-06 18:00,16.79,15.62,16.79,16.79,42,clear sky,2.74,10
2026-10-06 21:00,17.02,15.9,17.02,17.02,43,few clouds,2.62,16
2026-10-07 00:00,13.68,12.75,13.68,13.68,63,clear sky,1.24,0
2026-10-07 03:00,11.68,10.76,11.68,11.68,71,clear sky,0.58,0
2026-10-07 06:00,10.3,9.5,10.3,10.3,81,clear sky,0.34,0
2026-10-07 09:00,9.21,9.21,9.21,9.21,87,clear sky,0.46,0
2026-10-07 12:00,9.6,9.6,9.6,9.6,92,clear sky,0.28,0
2026-10-07 15:00,16.05,15.23,16.05,16.05,58,clear sky,2.54,0
2026-10-07 18:00,18.52,17.58,18.52,18.52,44,clear sky,3.45,0
2026-10-07 21:00,18.89,18.06,18.89,18.89,47,clear sky,3.12,0
2026-10-08 00:00,15.69,14.96,15.69,15.69,63,clear sky,2.59,0
2026-10-08 03:00,13.42,12.8,13.42,13.42,76,clear sky,3.07,0
2026-10-08 06:00,12.64,12.15,12.64,12.64,84,clear sky,2.42,0
2026-10-08 09:00,12.15,11.72,12.15,12.15,88,few clouds,1.89,17
